Date,Type,Name,Emoji,Category,Amount,Currency,Local amount,Local currency,Money Out,Money In
01/10/2025,Faster payment,Inmobiliaria Ejemplo,,Bills,-950,GBP,-950,GBP,-950,
01/10/2025,Card payment,Trainline,🚆,Transport,-40.04,GBP,-40.04,GBP,-40.04,
01/10/2025,Card payment,Greggs,🍽,Eating out,-8,GBP,-8,GBP,-8,
02/10/2025,Card payment,IKEA,📦,Shopping,-110,GBP,-110,GBP,-110,
02/10/2025,Card payment,Morrisons,🍏,Groceries,-25.60,GBP,-25.60,GBP,-25.60,
03/10/2025,Card payment,Panadería La Esquina,🍽,Eating out,-5.29,GBP,-5.29,GBP,-5.29,
03/10/2025,Card payment,Greggs,🍽,Eating out,-7.15,GBP,-7.15,GBP,-7.15,
03/10/2025,Card payment,Café del Barrio,🍽,Eating out,-6,GBP,-6,GBP,-6,
03/10/2025,Direct Debit,Scottish Power,💳,Bills,-66.69,GBP,-66.69,GBP,-66.69,
04/10/2025,Card payment,Morrisons,🍏,Groceries,-46,GBP,-46,GBP,-46,
05/10/2025,Direct Debit,Vodafone,💳,Bills,-22,GBP,-22,GBP,-22,
05/10/2025,Card payment,Aldi,🍏,Groceries,-24,GBP,-24,GBP,-24,
07/10/2025,Card payment,Caffè Nero,🍽,Eating out,-8.41,GBP,-8.41,GBP,-8.41,
08/10/2025,Direct Debit,PureGym,💪,Personal care,-24.99,GBP,-24.99,GBP,-24.99,
08/10/2025,Card payment,Superdrug,💊,Personal care,-19.61,GBP,-19.61,GBP,-19.61,
09/10/2025,Monzo-to-Monzo,Nora Ejemplo,,Transfers,-25.27,GBP,-25.27,GBP,-25.27,
09/10/2025,Card payment,Trainline,🚆,Transport,-55,GBP,-55,GBP,-55,
10/10/2025,Card payment,Ferretería El Tornillo,💸,General,-11,GBP,-11,GBP,-11,
10/10/2025,Monzo-to-Monzo,Nora Ejemplo,,Transfers,-17.08,GBP,-17.08,GBP,-17.08,
10/10/2025,Card payment,Aldi,🍏,Groceries,-49.11,GBP,-49.11,GBP,-49.11,
10/10/2025,Card payment,Steam,🎬,Entertainment,-36,GBP,-36,GBP,-36,
12/10/2025,Direct Debit,Netflix,🎬,Entertainment,-10.99,GBP,-10.99,GBP,-10.99,
12/10/2025,Card payment,Morrisons,🍏,Groceries,-27,GBP,-27,GBP,-27,
15/10/2025,Direct Debit,Spotify,🎵,Entertainment,-11.99,GBP,-11.99,GBP,-11.99,
17/10/2025,Card payment,Trainline,🚆,Transport,-57.17,GBP,-57.17,GBP,-57.17,
18/10/2025,Card payment,Canva,💸,General,-7.75,GBP,-9.99,USD,-7.75,
22/10/2025,Card payment,Co-op,🍏,Groceries,-12,GBP,-12,GBP,-12,
23/10/2025,Card payment,Argos,📦,Shopping,-35.69,GBP,-35.69,GBP,-35.69,
25/10/2025,Faster payment,Estudio Ejemplo Ltd,,Income,2450.00,GBP,2450.00,GBP,,2450.00
26/10/2025,Pot transfer,Fondo de Emergencia,,Savings,-200,GBP,-200,GBP,-200,
01/11/2025,Card payment,Lidl,🍏,Groceries,-29,GBP,-29,GBP,-29,
01/11/2025,Faster payment,Inmobiliaria Ejemplo,,Bills,-950,GBP,-950,GBP,-950,
02/11/2025,Card payment,Co-op,🍏,Groceries,-14,GBP,-14,GBP,-14,
02/11/2025,Card payment,Waterstones,📦,Shopping,-20.32,GBP,-20.32,GBP,-20.32,
03/11/2025,Direct Debit,Scottish Power,💳,Bills,-68.32,GBP,-68.32,GBP,-68.32,
04/11/2025,Monzo-to-Monzo,Nora Ejemplo,,Transfers,-39.04,GBP,-39.04,GBP,-39.04,
05/11/2025,Card payment,Aldi,🍏,Groceries,-57.14,GBP,-57.14,GBP,-57.14,
05/11/2025,Direct Debit,Vodafone,💳,Bills,-22,GBP,-22,GBP,-22,
05/11/2025,Card payment,Wagamama,🍽,Eating out,-34,GBP,-34,GBP,-34,
05/11/2025,Card payment,Panadería La Esquina,🍽,Eating out,-12,GBP,-12,GBP,-12,
06/11/2025,Monzo-to-Monzo,Nora Ejemplo,,Transfers,-22.71,GBP,-22.71,GBP,-22.71,
06/11/2025,Card payment,Santander Cycles,🚆,Transport,-2,GBP,-2,GBP,-2,
07/11/2025,Card payment,Trainline,🚆,Transport,-25,GBP,-25,GBP,-25,
07/11/2025,Card payment,Ticketmaster,🎬,Entertainment,-76,GBP,-76,GBP,-76,
08/11/2025,Direct Debit,PureGym,💪,Personal care,-24.99,GBP,-24.99,GBP,-24.99,
10/11/2025,Card payment,Mercado Ejemplo,🍏,Groceries,-14,GBP,-14,GBP,-14,
12/11/2025,Direct Debit,Netflix,🎬,Entertainment,-10.99,GBP,-10.99,GBP,-10.99,
14/11/2025,Card payment,Argos,📦,Shopping,35.00,GBP,35.00,GBP,,35.00
15/11/2025,Direct Debit,Spotify,🎵,Entertainment,-11.99,GBP,-11.99,GBP,-11.99,
17/11/2025,Card payment,Wagamama,🍽,Eating out,-36.97,GBP,-36.97,GBP,-36.97,
18/11/2025,Card payment,Dropbox,💸,General,-9.53,GBP,-11.99,USD,-9.53,
20/11/2025,rewards,,,Income,6.40,GBP,6.40,GBP,,6.40
22/11/2025,Card payment,Nando’s,🍽,Eating out,-17.51,GBP,-17.51,GBP,-17.51,
22/11/2025,Card payment,Caffè Nero,🍽,Eating out,-7,GBP,-7,GBP,-7,
23/11/2025,Card payment,Bolt,🚆,Transport,-18,GBP,-18,GBP,-18,
24/11/2025,Card payment,Waterstones,📦,Shopping,-12,GBP,-12,GBP,-12,
25/11/2025,Faster payment,Estudio Ejemplo Ltd,,Income,2450.00,GBP,2450.00,GBP,,2450.00
25/11/2025,Card payment,Aldi,🍏,Groceries,-29,GBP,-29,GBP,-29,
26/11/2025,Pot transfer,Fondo de Emergencia,,Savings,-200,GBP,-200,GBP,-200,
26/11/2025,Card payment,Specsavers,💊,Personal care,-45.44,GBP,-45.44,GBP,-45.44,
27/11/2025,Monzo-to-Monzo,Beto Muestra,,Transfers,-23.24,GBP,-23.24,GBP,-23.24,
28/11/2025,Card payment,Correos Ejemplo,💸,General,-4.60,GBP,-4.60,GBP,-4.60,
28/11/2025,Card payment,Trainline,🚆,Transport,-24.54,GBP,-24.54,GBP,-24.54,
01/12/2025,Faster payment,Inmobiliaria Ejemplo,,Bills,-950,GBP,-950,GBP,-950,
01/12/2025,Card payment,Steam,🎬,Entertainment,-11.16,GBP,-11.16,GBP,-11.16,
03/12/2025,Card payment,Canva,💸,General,0.00,GBP,0.00,USD,0.00,
03/12/2025,Direct Debit,Scottish Power,💳,Bills,-93.50,GBP,-93.50,GBP,-93.50,
05/12/2025,Direct Debit,Vodafone,💳,Bills,-22,GBP,-22,GBP,-22,
05/12/2025,Card payment,National Express,🚆,Transport,-15,GBP,-15,GBP,-15,
07/12/2025,Card payment,Greggs,🍽,Eating out,-7,GBP,-7,GBP,-7,
08/12/2025,Monzo-to-Monzo,Nora Ejemplo,,Transfers,-35,GBP,-35,GBP,-35,
08/12/2025,Direct Debit,PureGym,💪,Personal care,-24.99,GBP,-24.99,GBP,-24.99,
09/12/2025,Card payment,Aldi,🍏,Groceries,-52,GBP,-52,GBP,-52,
11/12/2025,Monzo-to-Monzo,Nora Ejemplo,,Transfers,-19,GBP,-19,GBP,-19,
12/12/2025,Direct Debit,Netflix,🎬,Entertainment,-10.99,GBP,-10.99,GBP,-10.99,
13/12/2025,Card payment,Panadería La Esquina,🍽,Eating out,-3,GBP,-3,GBP,-3,
13/12/2025,Card payment,Aldi,🍏,Groceries,-30.85,GBP,-30.85,GBP,-30.85,
14/12/2025,Card payment,Specsavers,💊,Personal care,-115,GBP,-115,GBP,-115,
14/12/2025,Card payment,Caffè Nero,🍽,Eating out,-6.08,GBP,-6.08,GBP,-6.08,
15/12/2025,Card payment,Morrisons,🍏,Groceries,-30,GBP,-30,GBP,-30,
15/12/2025,Card payment,Greggs,🍽,Eating out,-3,GBP,-3,GBP,-3,
15/12/2025,Card payment,Greggs,🍽,Eating out,-3,GBP,-3,GBP,-3,
15/12/2025,Direct Debit,Spotify,🎵,Entertainment,-11.99,GBP,-11.99,GBP,-11.99,
16/12/2025,Card payment,Caffè Nero,🍽,Eating out,-7.39,GBP,-7.39,GBP,-7.39,
18/12/2025,Card payment,Wagamama,🍽,Eating out,-33.89,GBP,-33.89,GBP,-33.89,
18/12/2025,Card payment,Canva,💸,General,-7.70,GBP,-9.99,USD,-7.70,
19/12/2025,sepa,Cliente Ejemplo SA,,Income,180.00,GBP,180.00,GBP,,180.00
20/12/2025,Card payment,Caffè Nero,🍽,Eating out,-7.11,GBP,-7.11,GBP,-7.11,
20/12/2025,Card payment,Librería Sur,📦,Shopping,-22,GBP,-22,GBP,-22,
21/12/2025,Card payment,Floristería Ejemplo,,Family,-28,GBP,-28,GBP,-28,
24/12/2025,Card payment,Bolt,🚆,Transport,-13,GBP,-13,GBP,-13,
24/12/2025,Card payment,National Express,🚆,Transport,-18.15,GBP,-18.15,GBP,-18.15,
24/12/2025,Card payment,Correos Ejemplo,💸,General,-14.14,GBP,-14.14,GBP,-14.14,
24/12/2025,Card payment,Lidl,🍏,Groceries,-20,GBP,-20,GBP,-20,
25/12/2025,Faster payment,Estudio Ejemplo Ltd,,Income,2450.00,GBP,2450.00,GBP,,2450.00
26/12/2025,Pot transfer,Fondo de Emergencia,,Savings,-200,GBP,-200,GBP,-200,
26/12/2025,Card payment,Morrisons,🍏,Groceries,-64.27,GBP,-64.27,GBP,-64.27,
26/12/2025,Card payment,Bolt,🚆,Transport,-16,GBP,-16,GBP,-16,
01/01/2026,Card payment,Argos,📦,Shopping,-78,GBP,-78,GBP,-78,
01/01/2026,Card payment,Superdrug,💊,Personal care,-8.33,GBP,-8.33,GBP,-8.33,
01/01/2026,Faster payment,Inmobiliaria Ejemplo,,Bills,-950,GBP,-950,GBP,-950,
02/01/2026,Card payment,Morrisons,🍏,Groceries,-68.46,GBP,-68.46,GBP,-68.46,
02/01/2026,Card payment,National Express,🚆,Transport,-32.59,GBP,-32.59,GBP,-32.59,
03/01/2026,Card payment,Morrisons,🍏,Groceries,-42,GBP,-42,GBP,-42,
03/01/2026,Direct Debit,Scottish Power,💳,Bills,-78.17,GBP,-78.17,GBP,-78.17,
04/01/2026,Monzo-to-Monzo,Nora Ejemplo,,Transfers,-27.28,GBP,-27.28,GBP,-27.28,
05/01/2026,Direct Debit,Vodafone,💳,Bills,-22,GBP,-22,GBP,-22,
06/01/2026,Card payment,Nando’s,🍽,Eating out,-14.74,GBP,-14.74,GBP,-14.74,
06/01/2026,Card payment,Lidl,🍏,Groceries,-23.25,GBP,-23.25,GBP,-23.25,
08/01/2026,Direct Debit,PureGym,💪,Personal care,-24.99,GBP,-24.99,GBP,-24.99,
10/01/2026,Card payment,Caffè Nero,🍽,Eating out,-3.63,GBP,-3.63,GBP,-3.63,
11/01/2026,Card payment,Santander Cycles,🚆,Transport,-2,GBP,-2,GBP,-2,
12/01/2026,Direct Debit,Netflix,🎬,Entertainment,-10.99,GBP,-10.99,GBP,-10.99,
15/01/2026,Card payment,Trainline,🚆,Transport,-17.71,GBP,-17.71,GBP,-17.71,
15/01/2026,Direct Debit,Spotify,🎵,Entertainment,-11.99,GBP,-11.99,GBP,-11.99,
16/01/2026,Card payment,Santander Cycles,🚆,Transport,-2,GBP,-2,GBP,-2,
17/01/2026,Card payment,Greggs,🍽,Eating out,-6.67,GBP,-6.67,GBP,-6.67,
18/01/2026,Card payment,Ticketmaster,🎬,Entertainment,-45.72,GBP,-45.72,GBP,-45.72,
18/01/2026,Card payment,Dropbox,💸,General,-9.42,GBP,-11.99,USD,-9.42,
18/01/2026,Card payment,Panadería La Esquina,🍽,Eating out,-4.30,GBP,-4.30,GBP,-4.30,
19/01/2026,Card payment,Co-op,🍏,Groceries,-8,GBP,-8,GBP,-8,
19/01/2026,Card payment,Morrisons,🍏,Groceries,-51,GBP,-51,GBP,-51,
20/01/2026,Pot transfer,Fondo de Emergencia,,Savings,150.00,GBP,150.00,GBP,,150.00
22/01/2026,Card payment,Nando’s,🍽,Eating out,-33,GBP,-33,GBP,-33,
22/01/2026,Card payment,Staples,🧾,Expenses,-24.99,GBP,-24.99,GBP,-24.99,
22/01/2026,Card payment,Café del Barrio,🍽,Eating out,-3,GBP,-3,GBP,-3,
23/01/2026,Monzo-to-Monzo,Nora Ejemplo,,Transfers,38.81,GBP,38.81,GBP,,38.81
24/01/2026,Monzo-to-Monzo,Beto Muestra,,Transfers,-33.87,GBP,-33.87,GBP,-33.87,
25/01/2026,Card payment,Co-op,🍏,Groceries,-18.56,GBP,-18.56,GBP,-18.56,
25/01/2026,Faster payment,Estudio Ejemplo Ltd,,Income,2450.00,GBP,2450.00,GBP,,2450.00
26/01/2026,Pot transfer,Fondo de Emergencia,,Savings,-200,GBP,-200,GBP,-200,
26/01/2026,Card payment,Lidl,🍏,Groceries,-43.10,GBP,-43.10,GBP,-43.10,
26/01/2026,Card payment,Correos Ejemplo,💸,General,-6.01,GBP,-6.01,GBP,-6.01,
01/02/2026,Faster payment,Inmobiliaria Ejemplo,,Bills,-950,GBP,-950,GBP,-950,
01/02/2026,Card payment,Bolt,🚆,Transport,-17,GBP,-17,GBP,-17,
03/02/2026,Direct Debit,Scottish Power,💳,Bills,-83.21,GBP,-83.21,GBP,-83.21,
03/02/2026,Card payment,National Express,🚆,Transport,-12,GBP,-12,GBP,-12,
05/02/2026,Direct Debit,Vodafone,💳,Bills,-22,GBP,-22,GBP,-22,
05/02/2026,Card payment,Lidl,🍏,Groceries,-33.81,GBP,-33.81,GBP,-33.81,
05/02/2026,Card payment,Co-op,🍏,Groceries,-22.23,GBP,-22.23,GBP,-22.23,
05/02/2026,Card payment,Correos Ejemplo,💸,General,-13.37,GBP,-13.37,GBP,-13.37,
06/02/2026,Flex,,,Transfers,-45,GBP,-45,GBP,-45,
07/02/2026,Card payment,Aldi,🍏,Groceries,-20.29,GBP,-20.29,GBP,-20.29,
08/02/2026,Direct Debit,PureGym,💪,Personal care,-24.99,GBP,-24.99,GBP,-24.99,
08/02/2026,Card payment,Café del Barrio,🍽,Eating out,-8,GBP,-8,GBP,-8,
08/02/2026,Card payment,Bolt,🚆,Transport,-18.49,GBP,-18.49,GBP,-18.49,
09/02/2026,Card payment,Café del Barrio,🍽,Eating out,-9.68,GBP,-9.68,GBP,-9.68,
10/02/2026,Monzo-to-Monzo,Nora Ejemplo,,Transfers,8.89,GBP,8.89,GBP,,8.89
10/02/2026,Monzo-to-Monzo,Nora Ejemplo,,Transfers,-34.49,GBP,-34.49,GBP,-34.49,
11/02/2026,Card payment,Steam,🎬,Entertainment,0.00,GBP,0.00,GBP,0.00,
11/02/2026,Card payment,Argos,📦,Shopping,-89,GBP,-89,GBP,-89,
12/02/2026,Direct Debit,Netflix,🎬,Entertainment,-10.99,GBP,-10.99,GBP,-10.99,
15/02/2026,Direct Debit,Spotify,🎵,Entertainment,-11.99,GBP,-11.99,GBP,-11.99,
17/02/2026,Bank transfer,Reembolso Ejemplo,,Income,64.20,GBP,64.20,GBP,,64.20
17/02/2026,Card payment,National Express,🚆,Transport,-32,GBP,-32,GBP,-32,
17/02/2026,Card payment,Aldi,🍏,Groceries,-19.28,GBP,-19.28,GBP,-19.28,
18/02/2026,Card payment,Canva,💸,General,-7.78,GBP,-9.99,USD,-7.78,
18/02/2026,Card payment,Lidl,🍏,Groceries,-48,GBP,-48,GBP,-48,
19/02/2026,Card payment,Nando’s,🍽,Eating out,-19,GBP,-19,GBP,-19,
21/02/2026,Card payment,Mercado Ejemplo,🍏,Groceries,-12.93,GBP,-12.93,GBP,-12.93,
21/02/2026,Card payment,Panadería La Esquina,🍽,Eating out,-4,GBP,-4,GBP,-4,
21/02/2026,Card payment,IKEA,📦,Shopping,-28.08,GBP,-28.08,GBP,-28.08,
22/02/2026,Card payment,Odeon,🎬,Entertainment,-9.45,GBP,-9.45,GBP,-9.45,
25/02/2026,Card payment,Aldi,🍏,Groceries,-20.72,GBP,-20.72,GBP,-20.72,
25/02/2026,Faster payment,Estudio Ejemplo Ltd,,Income,2450.00,GBP,2450.00,GBP,,2450.00
26/02/2026,Pot transfer,Fondo de Emergencia,,Savings,-200,GBP,-200,GBP,-200,
27/02/2026,Card payment,Specsavers,💊,Personal care,-33.67,GBP,-33.67,GBP,-33.67,
01/03/2026,Faster payment,Inmobiliaria Ejemplo,,Bills,-950,GBP,-950,GBP,-950,
02/03/2026,Card payment,Co-op,🍏,Groceries,-5,GBP,-5,GBP,-5,
02/03/2026,Card payment,Wagamama,🍽,Eating out,-38.38,GBP,-38.38,GBP,-38.38,
03/03/2026,Card payment,Ticketmaster,🎬,Entertainment,-69,GBP,-69,GBP,-69,
03/03/2026,Direct Debit,Scottish Power,💳,Bills,-87.52,GBP,-87.52,GBP,-87.52,
03/03/2026,Card payment,National Express,🚆,Transport,-15.03,GBP,-15.03,GBP,-15.03,
03/03/2026,Monzo-to-Monzo,Beto Muestra,,Transfers,-39,GBP,-39,GBP,-39,
04/03/2026,Monzo-to-Monzo,Nora Ejemplo,,Transfers,-44,GBP,-44,GBP,-44,
05/03/2026,Direct Debit,Vodafone,💳,Bills,-22,GBP,-22,GBP,-22,
05/03/2026,Card payment,Lidl,🍏,Groceries,-27.79,GBP,-27.79,GBP,-27.79,
06/03/2026,Flex,,,Transfers,-45,GBP,-45,GBP,-45,
08/03/2026,Card payment,Greggs,🍽,Eating out,-3.12,GBP,-3.12,GBP,-3.12,
08/03/2026,Card payment,Mercado Ejemplo,🍏,Groceries,-19.88,GBP,-19.88,GBP,-19.88,
08/03/2026,Direct Debit,PureGym,💪,Personal care,-24.99,GBP,-24.99,GBP,-24.99,
09/03/2026,Card payment,Bolt,🚆,Transport,-8.50,GBP,-8.50,GBP,-8.50,
09/03/2026,Card payment,Bolt,🚆,Transport,-8.50,GBP,-8.50,GBP,-8.50,
10/03/2026,Card payment,Primark,📦,Shopping,-47.54,GBP,-47.54,GBP,-47.54,
10/03/2026,Card payment,Café del Barrio,🍽,Eating out,-4,GBP,-4,GBP,-4,
12/03/2026,Direct Debit,Netflix,🎬,Entertainment,-10.99,GBP,-10.99,GBP,-10.99,
13/03/2026,Card payment,Lidl,🍏,Groceries,-45.60,GBP,-45.60,GBP,-45.60,
15/03/2026,Direct Debit,Spotify,🎵,Entertainment,-11.99,GBP,-11.99,GBP,-11.99,
16/03/2026,Card payment,National Express,🚆,Transport,-17.65,GBP,-17.65,GBP,-17.65,
17/03/2026,Card payment,Specsavers,💊,Personal care,-50.09,GBP,-50.09,GBP,-50.09,
17/03/2026,Card payment,Correos Ejemplo,💸,General,-3.71,GBP,-3.71,GBP,-3.71,
18/03/2026,Card payment,Dropbox,💸,General,-9.38,GBP,-11.99,USD,-9.38,
18/03/2026,rewards,,,Income,7.15,GBP,7.15,GBP,,7.15
18/03/2026,Card payment,Wagamama,🍽,Eating out,-24.38,GBP,-24.38,GBP,-24.38,
19/03/2026,Card payment,Panadería La Esquina,🍽,Eating out,-9.52,GBP,-9.52,GBP,-9.52,
19/03/2026,Monzo-to-Monzo,Nora Ejemplo,,Transfers,-17.43,GBP,-17.43,GBP,-17.43,
25/03/2026,Faster payment,Estudio Ejemplo Ltd,,Income,2450.00,GBP,2450.00,GBP,,2450.00
25/03/2026,Card payment,National Express,🚆,Transport,-34.25,GBP,-34.25,GBP,-34.25,
26/03/2026,Pot transfer,Fondo de Emergencia,,Savings,-200,GBP,-200,GBP,-200,
26/03/2026,Card payment,IKEA,📦,Shopping,-63.43,GBP,-63.43,GBP,-63.43,
27/03/2026,Card payment,Lidl,🍏,Groceries,-52,GBP,-52,GBP,-52,
01/04/2026,Faster payment,Inmobiliaria Ejemplo,,Bills,-950,GBP,-950,GBP,-950,
02/04/2026,Card payment,IKEA,📦,Shopping,-86,GBP,-86,GBP,-86,
02/04/2026,Card payment,Bolt,🚆,Transport,-16.86,GBP,-16.86,GBP,-16.86,
03/04/2026,Direct Debit,Scottish Power,💳,Bills,-92.01,GBP,-92.01,GBP,-92.01,
04/04/2026,Card payment,Morrisons,🍏,Groceries,-54,GBP,-54,GBP,-54,
05/04/2026,Card payment,Odeon,🎬,Entertainment,-11.84,GBP,-11.84,GBP,-11.84,
05/04/2026,Direct Debit,Vodafone,💳,Bills,-22,GBP,-22,GBP,-22,
05/04/2026,Card payment,Superdrug,💊,Personal care,-17,GBP,-17,GBP,-17,
06/04/2026,Flex,,,Income,12.00,GBP,12.00,GBP,,12.00
07/04/2026,Card payment,IKEA,📦,Shopping,-56,GBP,-56,GBP,-56,
08/04/2026,Direct Debit,PureGym,💪,Personal care,-24.99,GBP,-24.99,GBP,-24.99,
08/04/2026,Card payment,Nando’s,🍽,Eating out,-21,GBP,-21,GBP,-21,
08/04/2026,Card payment,Correos Ejemplo,💸,General,-4,GBP,-4,GBP,-4,
11/04/2026,Card payment,Aldi,🍏,Groceries,-14,GBP,-14,GBP,-14,
12/04/2026,Direct Debit,Netflix,🎬,Entertainment,-10.99,GBP,-10.99,GBP,-10.99,
12/04/2026,Card payment,Santander Cycles,🚆,Transport,-2,GBP,-2,GBP,-2,
14/04/2026,Monzo-to-Monzo,Nora Ejemplo,,Transfers,18.07,GBP,18.07,GBP,,18.07
15/04/2026,Card payment,Nando’s,🍽,Eating out,-21.57,GBP,-21.57,GBP,-21.57,
15/04/2026,Direct Debit,Spotify,🎵,Entertainment,-11.99,GBP,-11.99,GBP,-11.99,
17/04/2026,Monzo-to-Monzo,Nora Ejemplo,,Transfers,-24.39,GBP,-24.39,GBP,-24.39,
18/04/2026,Card payment,Panadería La Esquina,🍽,Eating out,-8.19,GBP,-8.19,GBP,-8.19,
18/04/2026,Card payment,Bolt,🚆,Transport,-10,GBP,-10,GBP,-10,
18/04/2026,Card payment,Canva,💸,General,-7.81,GBP,-9.99,USD,-7.81,
20/04/2026,Card payment,Nando’s,🍽,Eating out,-24,GBP,-24,GBP,-24,
22/04/2026,sepa,Cliente Ejemplo SA,,Income,320.00,GBP,320.00,GBP,,320.00
24/04/2026,Card payment,Aldi,🍏,Groceries,-55,GBP,-55,GBP,-55,
24/04/2026,Card payment,Nando’s,🍽,Eating out,-36,GBP,-36,GBP,-36,
25/04/2026,Faster payment,Estudio Ejemplo Ltd,,Income,2450.00,GBP,2450.00,GBP,,2450.00
25/04/2026,Card payment,Co-op,🍏,Groceries,-5.40,GBP,-5.40,GBP,-5.40,
26/04/2026,Card payment,Café del Barrio,🍽,Eating out,-7,GBP,-7,GBP,-7,
26/04/2026,Pot transfer,Fondo de Emergencia,,Savings,-200,GBP,-200,GBP,-200,
28/04/2026,Card payment,Morrisons,🍏,Groceries,-22.16,GBP,-22.16,GBP,-22.16,
01/05/2026,Faster payment,Inmobiliaria Ejemplo,,Bills,-950,GBP,-950,GBP,-950,
03/05/2026,Direct Debit,Scottish Power,💳,Bills,-61.13,GBP,-61.13,GBP,-61.13,
04/05/2026,Card payment,Caffè Nero,🍽,Eating out,-8,GBP,-8,GBP,-8,
04/05/2026,Card payment,Lidl,🍏,Groceries,-25.89,GBP,-25.89,GBP,-25.89,
05/05/2026,Card payment,IKEA,📦,Shopping,-55,GBP,-55,GBP,-55,
05/05/2026,Card payment,Aldi,🍏,Groceries,-11,GBP,-11,GBP,-11,
05/05/2026,Direct Debit,Vodafone,💳,Bills,-22,GBP,-22,GBP,-22,
06/05/2026,Monzo-to-Monzo,Nora Ejemplo,,Transfers,28.00,GBP,28.00,GBP,,28.00
06/05/2026,Card payment,Nando’s,🍽,Eating out,-21,GBP,-21,GBP,-21,
08/05/2026,Direct Debit,PureGym,💪,Personal care,-24.99,GBP,-24.99,GBP,-24.99,
08/05/2026,Card payment,National Express,🚆,Transport,-22,GBP,-22,GBP,-22,
09/05/2026,Card payment,Floristería Ejemplo,,Family,-31.50,GBP,-31.50,GBP,-31.50,
10/05/2026,Card payment,Morrisons,🍏,Groceries,-66,GBP,-66,GBP,-66,
10/05/2026,Monzo-to-Monzo,Beto Muestra,,Transfers,-56.78,GBP,-56.78,GBP,-56.78,
12/05/2026,Direct Debit,Netflix,🎬,Entertainment,-10.99,GBP,-10.99,GBP,-10.99,
12/05/2026,Card payment,Ferretería El Tornillo,💸,General,-29.03,GBP,-29.03,GBP,-29.03,
12/05/2026,Card payment,Lidl,🍏,Groceries,-38.01,GBP,-38.01,GBP,-38.01,
13/05/2026,Card payment,Steam,🎬,Entertainment,-18.13,GBP,-18.13,GBP,-18.13,
14/05/2026,Card payment,Panadería La Esquina,🍽,Eating out,-6,GBP,-6,GBP,-6,
14/05/2026,Card payment,Café del Barrio,🍽,Eating out,-9.03,GBP,-9.03,GBP,-9.03,
15/05/2026,Direct Debit,Spotify,🎵,Entertainment,-11.99,GBP,-11.99,GBP,-11.99,
17/05/2026,Card payment,Co-op,🍏,Groceries,-9,GBP,-9,GBP,-9,
17/05/2026,Card payment,National Express,🚆,Transport,-34,GBP,-34,GBP,-34,
18/05/2026,Card payment,Dropbox,💸,General,-9.17,GBP,-11.99,USD,-9.17,
18/05/2026,Card payment,Aldi,🍏,Groceries,-52.82,GBP,-52.82,GBP,-52.82,
20/05/2026,Pot transfer,Fondo de Emergencia,,Savings,150.00,GBP,150.00,GBP,,150.00
22/05/2026,Card payment,Superdrug,💊,Personal care,-9.76,GBP,-9.76,GBP,-9.76,
24/05/2026,Card payment,Mercado Ejemplo,🍏,Groceries,-23.55,GBP,-23.55,GBP,-23.55,
25/05/2026,Faster payment,Estudio Ejemplo Ltd,,Income,2450.00,GBP,2450.00,GBP,,2450.00
25/05/2026,Monzo-to-Monzo,Nora Ejemplo,,Transfers,-41.21,GBP,-41.21,GBP,-41.21,
26/05/2026,Pot transfer,Fondo de Emergencia,,Savings,-200,GBP,-200,GBP,-200,
27/05/2026,Card payment,National Express,🚆,Transport,-19,GBP,-19,GBP,-19,
28/05/2026,Card payment,easyJet,✈️,Holidays,-148.99,GBP,-148.99,GBP,-148.99,
30/05/2026,Card payment,Hostelworld,✈️,Holidays,-210,GBP,-210,GBP,-210,
01/06/2026,Card payment,Mercearia Alfama,🍏,Groceries,-19.89,GBP,-23.40,EUR,-19.89,
01/06/2026,Faster payment,Inmobiliaria Ejemplo,,Bills,-950,GBP,-950,GBP,-950,
01/06/2026,Card payment,Pastelaria Estrela,🍽,Eating out,-5.78,GBP,-6.80,EUR,-5.78,
02/06/2026,Card payment,Panadería La Esquina,🍽,Eating out,-9.49,GBP,-9.49,GBP,-9.49,
02/06/2026,Card payment,Taberna do Cais,🍽,Eating out,-32.30,GBP,-38,EUR,-32.30,
02/06/2026,Card payment,Mercado Ejemplo,🍏,Groceries,-29,GBP,-29,GBP,-29,
03/06/2026,Direct Debit,Scottish Power,💳,Bills,-59.24,GBP,-59.24,GBP,-59.24,
03/06/2026,Card payment,Metro Lisboa,🚆,Transport,-6.80,GBP,-8,EUR,-6.80,
03/06/2026,Card payment,Librería Sur,📦,Shopping,-32.99,GBP,-32.99,GBP,-32.99,
04/06/2026,Card payment,Taberna do Cais,🍽,Eating out,-23.38,GBP,-27.50,EUR,-23.38,
05/06/2026,Direct Debit,Vodafone,💳,Bills,-22,GBP,-22,GBP,-22,
06/06/2026,Card payment,Aldi,🍏,Groceries,-57.60,GBP,-57.60,GBP,-57.60,
08/06/2026,Direct Debit,PureGym,💪,Personal care,-24.99,GBP,-24.99,GBP,-24.99,
09/06/2026,Card payment,Bolt,🚆,Transport,-20,GBP,-20,GBP,-20,
12/06/2026,Direct Debit,Netflix,🎬,Entertainment,-10.99,GBP,-10.99,GBP,-10.99,
12/06/2026,Card payment,Librería Sur,📦,Shopping,-16,GBP,-16,GBP,-16,
12/06/2026,Card payment,Panadería La Esquina,🍽,Eating out,-4,GBP,-4,GBP,-4,
13/06/2026,Monzo-to-Monzo,Nora Ejemplo,,Transfers,13.36,GBP,13.36,GBP,,13.36
13/06/2026,Card payment,Lidl,🍏,Groceries,-30,GBP,-30,GBP,-30,
14/06/2026,Card payment,Greggs,🍽,Eating out,-4,GBP,-4,GBP,-4,
15/06/2026,Direct Debit,Spotify,🎵,Entertainment,-11.99,GBP,-11.99,GBP,-11.99,
16/06/2026,Card payment,Panadería La Esquina,🍽,Eating out,-5.13,GBP,-5.13,GBP,-5.13,
16/06/2026,Card payment,Bolt,🚆,Transport,-8.68,GBP,-8.68,GBP,-8.68,
18/06/2026,Card payment,Specsavers,💊,Personal care,-109.68,GBP,-109.68,GBP,-109.68,
18/06/2026,Card payment,Caffè Nero,🍽,Eating out,-3.12,GBP,-3.12,GBP,-3.12,
18/06/2026,Card payment,Canva,💸,General,-7.52,GBP,-9.99,USD,-7.52,
20/06/2026,Card payment,Primark,📦,Shopping,18.00,GBP,18.00,GBP,,18.00
20/06/2026,Card payment,Nando’s,🍽,Eating out,-23.27,GBP,-23.27,GBP,-23.27,
21/06/2026,Card payment,Aldi,🍏,Groceries,-51.31,GBP,-51.31,GBP,-51.31,
22/06/2026,Card payment,Santander Cycles,🚆,Transport,-2,GBP,-2,GBP,-2,
24/06/2026,Card payment,Steam,🎬,Entertainment,-31,GBP,-31,GBP,-31,
24/06/2026,Monzo-to-Monzo,Nora Ejemplo,,Transfers,11.00,GBP,11.00,GBP,,11.00
25/06/2026,Card payment,Mercado Ejemplo,🍏,Groceries,-14.61,GBP,-14.61,GBP,-14.61,
25/06/2026,Faster payment,Estudio Ejemplo Ltd,,Income,2450.00,GBP,2450.00,GBP,,2450.00
26/06/2026,Pot transfer,Fondo de Emergencia,,Savings,-200,GBP,-200,GBP,-200,
28/06/2026,Card payment,Correos Ejemplo,💸,General,-8,GBP,-8,GBP,-8,
28/06/2026,Card payment,Morrisons,🍏,Groceries,-27,GBP,-27,GBP,-27,
01/07/2026,Faster payment,Inmobiliaria Ejemplo,,Bills,-950,GBP,-950,GBP,-950,
01/07/2026,Card payment,Bolt,🚆,Transport,-8.91,GBP,-8.91,GBP,-8.91,
01/07/2026,Card payment,Aldi,🍏,Groceries,-36,GBP,-36,GBP,-36,
02/07/2026,Card payment,Specsavers,💊,Personal care,-52.81,GBP,-52.81,GBP,-52.81,
02/07/2026,Card payment,Steam,🎬,Entertainment,-11.64,GBP,-11.64,GBP,-11.64,
02/07/2026,Monzo-to-Monzo,Nora Ejemplo,,Transfers,21.00,GBP,21.00,GBP,,21.00
03/07/2026,Direct Debit,Scottish Power,💳,Bills,-74.38,GBP,-74.38,GBP,-74.38,
03/07/2026,Card payment,Panadería La Esquina,🍽,Eating out,-9,GBP,-9,GBP,-9,
04/07/2026,Card payment,Odeon,🎬,Entertainment,-12,GBP,-12,GBP,-12,
04/07/2026,Card payment,Odeon,🎬,Entertainment,-12,GBP,-12,GBP,-12,
04/07/2026,Card payment,Lidl,🍏,Groceries,-39,GBP,-39,GBP,-39,
05/07/2026,Direct Debit,Vodafone,💳,Bills,-22,GBP,-22,GBP,-22,
06/07/2026,Card payment,Ferretería El Tornillo,💸,General,-30,GBP,-30,GBP,-30,
08/07/2026,Direct Debit,PureGym,💪,Personal care,-24.99,GBP,-24.99,GBP,-24.99,
11/07/2026,Monzo-to-Monzo,Nora Ejemplo,,Transfers,9.00,GBP,9.00,GBP,,9.00
12/07/2026,Card payment,Trainline,🚆,Transport,-13.72,GBP,-13.72,GBP,-13.72,
12/07/2026,Direct Debit,Netflix,🎬,Entertainment,-10.99,GBP,-10.99,GBP,-10.99,
14/07/2026,Card payment,Mercado Ejemplo,🍏,Groceries,-30.41,GBP,-30.41,GBP,-30.41,
15/07/2026,Card payment,Café del Barrio,🍽,Eating out,-5,GBP,-5,GBP,-5,
15/07/2026,Card payment,Nando’s,🍽,Eating out,-32,GBP,-32,GBP,-32,
15/07/2026,Direct Debit,Spotify,🎵,Entertainment,-11.99,GBP,-11.99,GBP,-11.99,
17/07/2026,Card payment,Wagamama,🍽,Eating out,-34.35,GBP,-34.35,GBP,-34.35,
18/07/2026,Card payment,Aldi,🍏,Groceries,-15.57,GBP,-15.57,GBP,-15.57,
18/07/2026,Card payment,Dropbox,💸,General,-9.49,GBP,-11.99,USD,-9.49,
18/07/2026,Monzo-to-Monzo,Beto Muestra,,Transfers,12.00,GBP,12.00,GBP,,12.00
24/07/2026,Card payment,Lidl,🍏,Groceries,-40,GBP,-40,GBP,-40,
24/07/2026,Card payment,IKEA,📦,Shopping,-54,GBP,-54,GBP,-54,
25/07/2026,Card payment,Bolt,🚆,Transport,-7,GBP,-7,GBP,-7,
25/07/2026,Faster payment,Estudio Ejemplo Ltd,,Income,2450.00,GBP,2450.00,GBP,,2450.00
26/07/2026,Pot transfer,Fondo de Emergencia,,Savings,-200,GBP,-200,GBP,-200,
27/07/2026,Card payment,Trainline,🚆,Transport,-63,GBP,-63,GBP,-63,
01/08/2026,Faster payment,Inmobiliaria Ejemplo,,Bills,-950,GBP,-950,GBP,-950,
02/08/2026,Card payment,Santander Cycles,🚆,Transport,-2,GBP,-2,GBP,-2,
03/08/2026,Direct Debit,Scottish Power,💳,Bills,-59.82,GBP,-59.82,GBP,-59.82,
03/08/2026,Card payment,Lidl,🍏,Groceries,-12,GBP,-12,GBP,-12,
04/08/2026,Monzo-to-Monzo,Nora Ejemplo,,Transfers,-22.08,GBP,-22.08,GBP,-22.08,
04/08/2026,Card payment,Nando’s,🍽,Eating out,-25.91,GBP,-25.91,GBP,-25.91,
04/08/2026,Card payment,Morrisons,🍏,Groceries,-51.97,GBP,-51.97,GBP,-51.97,
05/08/2026,Direct Debit,Vodafone,💳,Bills,-22,GBP,-22,GBP,-22,
07/08/2026,Card payment,Correos Ejemplo,💸,General,-14,GBP,-14,GBP,-14,
08/08/2026,Direct Debit,PureGym,💪,Personal care,-24.99,GBP,-24.99,GBP,-24.99,
09/08/2026,Card payment,Specsavers,💊,Personal care,-113.33,GBP,-113.33,GBP,-113.33,
09/08/2026,Card payment,Aldi,🍏,Groceries,-16,GBP,-16,GBP,-16,
12/08/2026,Direct Debit,Netflix,🎬,Entertainment,-10.99,GBP,-10.99,GBP,-10.99,
13/08/2026,Card payment,Staples,🧾,Expenses,-18,GBP,-18,GBP,-18,
13/08/2026,Card payment,Café del Barrio,🍽,Eating out,-8.70,GBP,-8.70,GBP,-8.70,
13/08/2026,Card payment,Aldi,🍏,Groceries,-25,GBP,-25,GBP,-25,
15/08/2026,Card payment,Trainline,🚆,Transport,-31.59,GBP,-31.59,GBP,-31.59,
15/08/2026,Direct Debit,Spotify,🎵,Entertainment,-11.99,GBP,-11.99,GBP,-11.99,
16/08/2026,Card payment,Primark,📦,Shopping,-14.83,GBP,-14.83,GBP,-14.83,
18/08/2026,Card payment,Canva,💸,General,-7.73,GBP,-9.99,USD,-7.73,
20/08/2026,Card payment,Ticketmaster,🎬,Entertainment,-53.10,GBP,-53.10,GBP,-53.10,
21/08/2026,Card payment,Trainline,🚆,Transport,-45.60,GBP,-45.60,GBP,-45.60,
24/08/2026,Card payment,Morrisons,🍏,Groceries,-56,GBP,-56,GBP,-56,
24/08/2026,Card payment,Panadería La Esquina,🍽,Eating out,-9,GBP,-9,GBP,-9,
25/08/2026,Faster payment,Estudio Ejemplo Ltd,,Income,2450.00,GBP,2450.00,GBP,,2450.00
25/08/2026,Monzo-to-Monzo,Nora Ejemplo,,Transfers,20.40,GBP,20.40,GBP,,20.40
26/08/2026,Card payment,Panadería La Esquina,🍽,Eating out,-4.40,GBP,-4.40,GBP,-4.40,
26/08/2026,Pot transfer,Fondo de Emergencia,,Savings,-200,GBP,-200,GBP,-200,
27/08/2026,Card payment,Santander Cycles,🚆,Transport,-2,GBP,-2,GBP,-2,
27/08/2026,Card payment,Lidl,🍏,Groceries,-11,GBP,-11,GBP,-11,
27/08/2026,Card payment,Wagamama,🍽,Eating out,-17.92,GBP,-17.92,GBP,-17.92,
01/09/2026,Faster payment,Inmobiliaria Ejemplo,,Bills,-950,GBP,-950,GBP,-950,
02/09/2026,Card payment,Café del Barrio,🍽,Eating out,-5.76,GBP,-5.76,GBP,-5.76,
03/09/2026,Card payment,Ferretería El Tornillo,💸,General,-25.44,GBP,-25.44,GBP,-25.44,
03/09/2026,Direct Debit,Scottish Power,💳,Bills,-75.55,GBP,-75.55,GBP,-75.55,
03/09/2026,Card payment,Co-op,🍏,Groceries,-15.30,GBP,-15.30,GBP,-15.30,
03/09/2026,Card payment,National Express,🚆,Transport,-35,GBP,-35,GBP,-35,
04/09/2026,Card payment,Café del Barrio,🍽,Eating out,-6.92,GBP,-6.92,GBP,-6.92,
05/09/2026,Card payment,Aldi,🍏,Groceries,-14.04,GBP,-14.04,GBP,-14.04,
05/09/2026,Direct Debit,Vodafone,💳,Bills,-22,GBP,-22,GBP,-22,
06/09/2026,Card payment,Lidl,🍏,Groceries,-52,GBP,-52,GBP,-52,
06/09/2026,Monzo-to-Monzo,Beto Muestra,,Transfers,-23,GBP,-23,GBP,-23,
07/09/2026,Card payment,Mercado Ejemplo,🍏,Groceries,-25.91,GBP,-25.91,GBP,-25.91,
08/09/2026,Direct Debit,PureGym,💪,Personal care,-24.99,GBP,-24.99,GBP,-24.99,
10/09/2026,Card payment,Morrisons,🍏,Groceries,-61,GBP,-61,GBP,-61,
10/09/2026,Card payment,Greggs,🍽,Eating out,-4,GBP,-4,GBP,-4,
10/09/2026,Card payment,Co-op,🍏,Groceries,-17.15,GBP,-17.15,GBP,-17.15,
11/09/2026,Card payment,Bolt,🚆,Transport,-6,GBP,-6,GBP,-6,
11/09/2026,Card payment,Bolt,🚆,Transport,-18.03,GBP,-18.03,GBP,-18.03,
12/09/2026,Direct Debit,Netflix,🎬,Entertainment,-10.99,GBP,-10.99,GBP,-10.99,
15/09/2026,Direct Debit,Spotify,🎵,Entertainment,-11.99,GBP,-11.99,GBP,-11.99,
16/09/2026,Card payment,National Express,🚆,Transport,-17,GBP,-17,GBP,-17,
17/09/2026,Card payment,Café del Barrio,🍽,Eating out,-13,GBP,-13,GBP,-13,
18/09/2026,Card payment,Dropbox,💸,General,-9.57,GBP,-11.99,USD,-9.57,
18/09/2026,Monzo-to-Monzo,Nora Ejemplo,,Transfers,-13.71,GBP,-13.71,GBP,-13.71,
19/09/2026,Card payment,Superdrug,💊,Personal care,-11,GBP,-11,GBP,-11,
20/09/2026,Pot transfer,Fondo de Emergencia,,Savings,150.00,GBP,150.00,GBP,,150.00
20/09/2026,Card payment,Co-op,🍏,Groceries,-10,GBP,-10,GBP,-10,
22/09/2026,Monzo-to-Monzo,Nora Ejemplo,,Transfers,21.38,GBP,21.38,GBP,,21.38
23/09/2026,Card payment,Odeon,🎬,Entertainment,-9.72,GBP,-9.72,GBP,-9.72,
25/09/2026,Faster payment,Estudio Ejemplo Ltd,,Income,2450.00,GBP,2450.00,GBP,,2450.00
25/09/2026,Card payment,IKEA,📦,Shopping,-61.85,GBP,-61.85,GBP,-61.85,
26/09/2026,Pot transfer,Fondo de Emergencia,,Savings,-200,GBP,-200,GBP,-200,
